city	cityLabel
http://www.wikidata.org/entity/Q12179905	Q12179905
http://www.wikidata.org/entity/Q12184505	Q12184505
http://www.wikidata.org/entity/Q12185155	Q12185155
http://www.wikidata.org/entity/Q12185260	Q12185260
http://www.wikidata.org/entity/Q12185573	Q12185573
http://www.wikidata.org/entity/Q12185855	Q12185855
http://www.wikidata.org/entity/Q12186086	Q12186086
http://www.wikidata.org/entity/Q12186293	Q12186293
http://www.wikidata.org/entity/Q12186351	Q12186351
http://www.wikidata.org/entity/Q12186432	Q12186432
http://www.wikidata.org/entity/Q12186832	Q12186832
http://www.wikidata.org/entity/Q12186909	Q12186909
http://www.wikidata.org/entity/Q12187142	Q12187142
http://www.wikidata.org/entity/Q12187349	Q12187349
http://www.wikidata.org/entity/Q12187756	Q12187756
http://www.wikidata.org/entity/Q12189058	Q12189058
http://www.wikidata.org/entity/Q12189533	Q12189533
http://www.wikidata.org/entity/Q12190423	Q12190423
http://www.wikidata.org/entity/Q12190591	Q12190591
http://www.wikidata.org/entity/Q12190617	Q12190617
http://www.wikidata.org/entity/Q12190632	Q12190632
http://www.wikidata.org/entity/Q12191057	Q12191057
http://www.wikidata.org/entity/Q12191206	Q12191206
http://www.wikidata.org/entity/Q12191525	Q12191525
http://www.wikidata.org/entity/Q12192484	Q12192484
http://www.wikidata.org/entity/Q12193336	Q12193336
http://www.wikidata.org/entity/Q12193988	Q12193988
http://www.wikidata.org/entity/Q12194795	Q12194795
http://www.wikidata.org/entity/Q12195639	Q12195639
http://www.wikidata.org/entity/Q12199047	Q12199047
http://www.wikidata.org/entity/Q12199118	Q12199118
http://www.wikidata.org/entity/Q12200557	Q12200557
http://www.wikidata.org/entity/Q12201720	Q12201720
http://www.wikidata.org/entity/Q12201735	Q12201735
http://www.wikidata.org/entity/Q12203263	Q12203263
http://www.wikidata.org/entity/Q12203762	Q12203762
http://www.wikidata.org/entity/Q12205088	Q12205088
http://www.wikidata.org/entity/Q12205773	Q12205773
http://www.wikidata.org/entity/Q12206921	Q12206921
http://www.wikidata.org/entity/Q12208063	Q12208063
http://www.wikidata.org/entity/Q12208584	Q12208584
http://www.wikidata.org/entity/Q12213554	Q12213554
http://www.wikidata.org/entity/Q12218393	Q12218393
http://www.wikidata.org/entity/Q12220252	Q12220252
http://www.wikidata.org/entity/Q12228707	Q12228707
http://www.wikidata.org/entity/Q12229056	Q12229056
http://www.wikidata.org/entity/Q12230566	Q12230566
http://www.wikidata.org/entity/Q12232599	Q12232599
http://www.wikidata.org/entity/Q12232655	Q12232655
http://www.wikidata.org/entity/Q12232762	Q12232762
http://www.wikidata.org/entity/Q12233557	Q12233557
http://www.wikidata.org/entity/Q12236247	Q12236247
http://www.wikidata.org/entity/Q12239268	Q12239268
http://www.wikidata.org/entity/Q12241791	Q12241791
http://www.wikidata.org/entity/Q12241887	Q12241887
http://www.wikidata.org/entity/Q12242299	Q12242299
http://www.wikidata.org/entity/Q12250556	Q12250556
http://www.wikidata.org/entity/Q16117788	Q16117788
http://www.wikidata.org/entity/Q16118911	Q16118911
http://www.wikidata.org/entity/Q16122002	Q16122002
http://www.wikidata.org/entity/Q16123684	Q16123684
http://www.wikidata.org/entity/Q16125037	Q16125037
http://www.wikidata.org/entity/Q20387391	Q20387391
http://www.wikidata.org/entity/Q20390128	Q20390128
http://www.wikidata.org/entity/Q20390146	Q20390146
http://www.wikidata.org/entity/Q20390164	Q20390164
http://www.wikidata.org/entity/Q20390179	Q20390179
http://www.wikidata.org/entity/Q20390193	Q20390193
http://www.wikidata.org/entity/Q20390210	Q20390210
http://www.wikidata.org/entity/Q20390320	Q20390320
http://www.wikidata.org/entity/Q20390336	Q20390336
http://www.wikidata.org/entity/Q20397605	Q20397605
http://www.wikidata.org/entity/Q20398592	Q20398592
http://www.wikidata.org/entity/Q20399452	Q20399452
http://www.wikidata.org/entity/Q20406802	Q20406802
http://www.wikidata.org/entity/Q20408294	Q20408294
http://www.wikidata.org/entity/Q20418730	Q20418730
http://www.wikidata.org/entity/Q22685859	Q22685859
http://www.wikidata.org/entity/Q22687017	Q22687017
http://www.wikidata.org/entity/Q22688838	Q22688838
http://www.wikidata.org/entity/Q22689858	Q22689858
http://www.wikidata.org/entity/Q22690147	Q22690147
http://www.wikidata.org/entity/Q22690148	Q22690148
http://www.wikidata.org/entity/Q22690149	Q22690149
http://www.wikidata.org/entity/Q22690150	Q22690150
http://www.wikidata.org/entity/Q22690151	Q22690151
http://www.wikidata.org/entity/Q22690152	Q22690152
http://www.wikidata.org/entity/Q22690153	Q22690153
http://www.wikidata.org/entity/Q22690155	Q22690155
http://www.wikidata.org/entity/Q22690156	Q22690156
http://www.wikidata.org/entity/Q22690157	Q22690157
http://www.wikidata.org/entity/Q22690158	Q22690158
http://www.wikidata.org/entity/Q22690159	Q22690159
http://www.wikidata.org/entity/Q22690160	Q22690160
http://www.wikidata.org/entity/Q22690163	Q22690163
http://www.wikidata.org/entity/Q22690166	Q22690166
http://www.wikidata.org/entity/Q22690167	Q22690167
http://www.wikidata.org/entity/Q22690168	Q22690168
http://www.wikidata.org/entity/Q22690169	Q22690169
http://www.wikidata.org/entity/Q22690170	Q22690170
http://www.wikidata.org/entity/Q22690171	Q22690171
http://www.wikidata.org/entity/Q22690172	Q22690172
http://www.wikidata.org/entity/Q22690173	Q22690173
http://www.wikidata.org/entity/Q22690174	Q22690174
http://www.wikidata.org/entity/Q22690176	Q22690176
http://www.wikidata.org/entity/Q22690177	Q22690177
http://www.wikidata.org/entity/Q22690179	Q22690179
http://www.wikidata.org/entity/Q22690183	Q22690183
http://www.wikidata.org/entity/Q22690184	Q22690184
http://www.wikidata.org/entity/Q22690185	Q22690185
http://www.wikidata.org/entity/Q22690186	Q22690186
http://www.wikidata.org/entity/Q22690188	Q22690188
http://www.wikidata.org/entity/Q22690189	Q22690189
http://www.wikidata.org/entity/Q22690190	Q22690190
http://www.wikidata.org/entity/Q22690191	Q22690191
http://www.wikidata.org/entity/Q22690192	Q22690192
http://www.wikidata.org/entity/Q22690194	Q22690194
http://www.wikidata.org/entity/Q22690196	Q22690196
http://www.wikidata.org/entity/Q22690198	Q22690198
http://www.wikidata.org/entity/Q22690199	Q22690199
http://www.wikidata.org/entity/Q22690200	Q22690200
http://www.wikidata.org/entity/Q22690201	Q22690201
http://www.wikidata.org/entity/Q22690202	Q22690202
http://www.wikidata.org/entity/Q22690203	Q22690203
http://www.wikidata.org/entity/Q22690204	Q22690204
http://www.wikidata.org/entity/Q22690205	Q22690205
http://www.wikidata.org/entity/Q22690206	Q22690206
http://www.wikidata.org/entity/Q22690208	Q22690208
http://www.wikidata.org/entity/Q22690209	Q22690209
http://www.wikidata.org/entity/Q22690211	Q22690211
http://www.wikidata.org/entity/Q22690212	Q22690212
http://www.wikidata.org/entity/Q22690213	Q22690213
http://www.wikidata.org/entity/Q22690214	Q22690214
http://www.wikidata.org/entity/Q22690215	Q22690215
http://www.wikidata.org/entity/Q22690216	Q22690216
http://www.wikidata.org/entity/Q22690217	Q22690217
http://www.wikidata.org/entity/Q22690218	Q22690218
http://www.wikidata.org/entity/Q22690219	Q22690219
http://www.wikidata.org/entity/Q22690220	Q22690220
http://www.wikidata.org/entity/Q22690221	Q22690221
http://www.wikidata.org/entity/Q22690222	Q22690222
http://www.wikidata.org/entity/Q22690223	Q22690223
http://www.wikidata.org/entity/Q22690224	Q22690224
http://www.wikidata.org/entity/Q22690226	Q22690226
http://www.wikidata.org/entity/Q22690227	Q22690227
http://www.wikidata.org/entity/Q22690228	Q22690228
http://www.wikidata.org/entity/Q22690229	Q22690229
http://www.wikidata.org/entity/Q22690230	Q22690230
http://www.wikidata.org/entity/Q22690231	Q22690231
http://www.wikidata.org/entity/Q22690232	Q22690232
http://www.wikidata.org/entity/Q22690233	Q22690233
http://www.wikidata.org/entity/Q22690234	Q22690234
http://www.wikidata.org/entity/Q22690235	Q22690235
http://www.wikidata.org/entity/Q22690238	Q22690238
http://www.wikidata.org/entity/Q22690239	Q22690239
http://www.wikidata.org/entity/Q22690240	Q22690240
http://www.wikidata.org/entity/Q22690241	Q22690241
http://www.wikidata.org/entity/Q22690242	Q22690242
http://www.wikidata.org/entity/Q22690243	Q22690243
http://www.wikidata.org/entity/Q22690244	Q22690244
http://www.wikidata.org/entity/Q22690246	Q22690246
http://www.wikidata.org/entity/Q22690247	Q22690247
http://www.wikidata.org/entity/Q22690248	Q22690248
http://www.wikidata.org/entity/Q22928973	Q22928973
http://www.wikidata.org/entity/Q22930716	Q22930716
http://www.wikidata.org/entity/Q22932935	Q22932935
http://www.wikidata.org/entity/Q23048536	Q23048536
http://www.wikidata.org/entity/Q23048629	Q23048629
http://www.wikidata.org/entity/Q23049804	Q23049804
http://www.wikidata.org/entity/Q23049809	Q23049809
http://www.wikidata.org/entity/Q23049810	Q23049810
http://www.wikidata.org/entity/Q23049870	Q23049870
http://www.wikidata.org/entity/Q23049945	Q23049945
http://www.wikidata.org/entity/Q23049975	Q23049975
http://www.wikidata.org/entity/Q28714481	Q28714481
http://www.wikidata.org/entity/Q28716459	Q28716459
http://www.wikidata.org/entity/Q28716493	Q28716493
http://www.wikidata.org/entity/Q28716633	Q28716633
http://www.wikidata.org/entity/Q28716720	Q28716720
http://www.wikidata.org/entity/Q28716758	Q28716758
http://www.wikidata.org/entity/Q28716760	Q28716760
http://www.wikidata.org/entity/Q28716761	Q28716761
http://www.wikidata.org/entity/Q28717624	Q28717624
http://www.wikidata.org/entity/Q28724175	Q28724175
http://www.wikidata.org/entity/Q28747815	Q28747815
http://www.wikidata.org/entity/Q28747846	Q28747846
http://www.wikidata.org/entity/Q28747868	Q28747868
http://www.wikidata.org/entity/Q28747883	Q28747883
http://www.wikidata.org/entity/Q28747916	Q28747916
http://www.wikidata.org/entity/Q29513684	Q29513684
http://www.wikidata.org/entity/Q29513762	Q29513762
http://www.wikidata.org/entity/Q30082816	Q30082816
http://www.wikidata.org/entity/Q30344713	Q30344713
http://www.wikidata.org/entity/Q31076145	Q31076145
http://www.wikidata.org/entity/Q35583331	Q35583331
http://www.wikidata.org/entity/Q40378994	Q40378994
http://www.wikidata.org/entity/Q4116151	Q4116151
http://www.wikidata.org/entity/Q45107950	Q45107950
http://www.wikidata.org/entity/Q54858238	Q54858238
http://www.wikidata.org/entity/Q54864280	Q54864280
http://www.wikidata.org/entity/Q54864287	Q54864287
http://www.wikidata.org/entity/Q54864309	Q54864309
http://www.wikidata.org/entity/Q54864310	Q54864310
http://www.wikidata.org/entity/Q54864311	Q54864311
http://www.wikidata.org/entity/Q54864312	Q54864312
http://www.wikidata.org/entity/Q54864314	Q54864314
http://www.wikidata.org/entity/Q54864315	Q54864315
http://www.wikidata.org/entity/Q54864317	Q54864317
http://www.wikidata.org/entity/Q54864319	Q54864319
http://www.wikidata.org/entity/Q54864320	Q54864320
http://www.wikidata.org/entity/Q54864322	Q54864322
http://www.wikidata.org/entity/Q54864323	Q54864323
http://www.wikidata.org/entity/Q54864325	Q54864325
http://www.wikidata.org/entity/Q54864326	Q54864326
http://www.wikidata.org/entity/Q54864327	Q54864327
http://www.wikidata.org/entity/Q54864328	Q54864328
http://www.wikidata.org/entity/Q54864329	Q54864329
http://www.wikidata.org/entity/Q54864330	Q54864330
http://www.wikidata.org/entity/Q54864331	Q54864331
http://www.wikidata.org/entity/Q54864332	Q54864332
http://www.wikidata.org/entity/Q54864333	Q54864333
http://www.wikidata.org/entity/Q54864334	Q54864334
http://www.wikidata.org/entity/Q54864336	Q54864336
http://www.wikidata.org/entity/Q54864337	Q54864337
http://www.wikidata.org/entity/Q54864339	Q54864339
http://www.wikidata.org/entity/Q54864340	Q54864340
http://www.wikidata.org/entity/Q54864342	Q54864342
http://www.wikidata.org/entity/Q54864344	Q54864344
http://www.wikidata.org/entity/Q54864345	Q54864345
http://www.wikidata.org/entity/Q54864346	Q54864346
http://www.wikidata.org/entity/Q54864347	Q54864347
http://www.wikidata.org/entity/Q54864348	Q54864348
http://www.wikidata.org/entity/Q54864349	Q54864349
http://www.wikidata.org/entity/Q54864350	Q54864350
http://www.wikidata.org/entity/Q54864351	Q54864351
http://www.wikidata.org/entity/Q54864352	Q54864352
http://www.wikidata.org/entity/Q54864353	Q54864353
http://www.wikidata.org/entity/Q54864354	Q54864354
http://www.wikidata.org/entity/Q54864355	Q54864355
http://www.wikidata.org/entity/Q54864356	Q54864356
http://www.wikidata.org/entity/Q54864357	Q54864357
http://www.wikidata.org/entity/Q54864358	Q54864358
http://www.wikidata.org/entity/Q54864360	Q54864360
http://www.wikidata.org/entity/Q54864362	Q54864362
http://www.wikidata.org/entity/Q54864363	Q54864363
http://www.wikidata.org/entity/Q54864365	Q54864365
http://www.wikidata.org/entity/Q54864366	Q54864366
http://www.wikidata.org/entity/Q54869642	Q54869642
http://www.wikidata.org/entity/Q55387357	Q55387357
http://www.wikidata.org/entity/Q60576809	Q60576809
http://www.wikidata.org/entity/Q6139119	Q6139119
http://www.wikidata.org/entity/Q63122345	Q63122345
http://www.wikidata.org/entity/Q63122693	Q63122693
http://www.wikidata.org/entity/Q63919056	Q63919056
http://www.wikidata.org/entity/Q6409655	Q6409655
http://www.wikidata.org/entity/Q64729597	Q64729597
http://www.wikidata.org/entity/Q6722077	Q6722077
http://www.wikidata.org/entity/Q6722084	Q6722084
http://www.wikidata.org/entity/Q6724663	Q6724663
http://www.wikidata.org/entity/Q6744988	Q6744988
http://www.wikidata.org/entity/Q6745010	Q6745010
http://www.wikidata.org/entity/Q6827161	Q6827161
http://www.wikidata.org/entity/Q6853010	Q6853010
http://www.wikidata.org/entity/Q6853044	Q6853044
http://www.wikidata.org/entity/Q6893550	Q6893550
http://www.wikidata.org/entity/Q85870587	Q85870587
http://www.wikidata.org/entity/Q9294898	Q9294898
http://www.wikidata.org/entity/Q97290584	Q97290584
http://www.wikidata.org/entity/Q97291027	Q97291027
http://www.wikidata.org/entity/Q97291032	Q97291032
http://www.wikidata.org/entity/Q97292084	Q97292084
http://www.wikidata.org/entity/Q97292131	Q97292131
http://www.wikidata.org/entity/Q97293024	Q97293024
http://www.wikidata.org/entity/Q97293401	Q97293401
http://www.wikidata.org/entity/Q97293432	Q97293432
http://www.wikidata.org/entity/Q97294659	Q97294659
http://www.wikidata.org/entity/Q97294932	Q97294932
http://www.wikidata.org/entity/Q97299241	Q97299241
http://www.wikidata.org/entity/Q97299243	Q97299243
http://www.wikidata.org/entity/Q97299651	Q97299651
http://www.wikidata.org/entity/Q97300033	Q97300033
http://www.wikidata.org/entity/Q97300468	Q97300468
http://www.wikidata.org/entity/Q97300470	Q97300470
http://www.wikidata.org/entity/Q97301816	Q97301816
http://www.wikidata.org/entity/Q97301832	Q97301832
http://www.wikidata.org/entity/Q97301833	Q97301833
http://www.wikidata.org/entity/Q97301862	Q97301862
http://www.wikidata.org/entity/Q97301916	Q97301916
http://www.wikidata.org/entity/Q97316502	Q97316502
http://www.wikidata.org/entity/Q4166503	'Uyayna
http://www.wikidata.org/entity/Q16868993	ATIF
http://www.wikidata.org/entity/Q190948	Abha
http://www.wikidata.org/entity/Q27177	Abqaiq
http://www.wikidata.org/entity/Q4670158	Abu Dhiba
http://www.wikidata.org/entity/Q4670193	Abu Hajar al A'la
http://www.wikidata.org/entity/Q4670217	Abu Hisani
http://www.wikidata.org/entity/Q4670317	Abu Qirfah
http://www.wikidata.org/entity/Q4670320	Abu Radif
http://www.wikidata.org/entity/Q4670358	Abu Shu`ayb
http://www.wikidata.org/entity/Q97290977	Abu `Arish
http://www.wikidata.org/entity/Q4670431	Abu `Urwah
http://www.wikidata.org/entity/Q4670723	Abyar 'Ali
http://www.wikidata.org/entity/Q4670812	Abū Shayţānah
http://www.wikidata.org/entity/Q4678115	Ad Dabbah
http://www.wikidata.org/entity/Q31868833	Ad Darb
http://www.wikidata.org/entity/Q4678127	Ad Dawh al Kabir
http://www.wikidata.org/entity/Q4678128	Ad Dawh as Saghir
http://www.wikidata.org/entity/Q4678135	Ad Dirs
http://www.wikidata.org/entity/Q4678141	Ad Dulu`
http://www.wikidata.org/entity/Q4678143	Ad Dur
http://www.wikidata.org/entity/Q4678145	Ad Dur`iyah
http://www.wikidata.org/entity/Q7174030	Ad-Dilam
http://www.wikidata.org/entity/Q4682447	Adh Dhagharir
http://www.wikidata.org/entity/Q97291157	Afif
http://www.wikidata.org/entity/Q97291025	Ahad Rafidah
http://www.wikidata.org/entity/Q97291603	Ahad al Masarihah
http://www.wikidata.org/entity/Q15178653	Ajama
http://www.wikidata.org/entity/Q4703457	Al Akhal
http://www.wikidata.org/entity/Q97291912	Al Aqiq
http://www.wikidata.org/entity/Q65040818	Al Aridhah
http://www.wikidata.org/entity/Q20395456	Al Arin
http://www.wikidata.org/entity/Q3607473	Al Artaweeiyah
http://www.wikidata.org/entity/Q4703499	Al Ashraf
http://www.wikidata.org/entity/Q4703523	Al Badawi
http://www.wikidata.org/entity/Q97291156	Al Badayea
http://www.wikidata.org/entity/Q4703525	Al Badi'
http://www.wikidata.org/entity/Q4703528	Al Badr, Saudi Arabia
http://www.wikidata.org/entity/Q27176	Al Bahah
http://www.wikidata.org/entity/Q20392754	Al Bahrah
http://www.wikidata.org/entity/Q4703540	Al Balad
http://www.wikidata.org/entity/Q4703545	Al Barabir
http://www.wikidata.org/entity/Q4703547	Al Bardiyah
http://www.wikidata.org/entity/Q31872122	Al Baţţālīyah
http://www.wikidata.org/entity/Q4703587	Al Bi'ar
http://www.wikidata.org/entity/Q4703590	Al Biqa'
http://www.wikidata.org/entity/Q12184747	Al Bir
http://www.wikidata.org/entity/Q12184391	Al Birk
http://www.wikidata.org/entity/Q97291223	Al Bukayriyah
http://www.wikidata.org/entity/Q31872259	Al Bukayrīyah
http://www.wikidata.org/entity/Q4703627	Al Buraykah
http://www.wikidata.org/entity/Q4703635	Al Bustan
http://www.wikidata.org/entity/Q4703805	Al Faqirah
http://www.wikidata.org/entity/Q16250389	Al Farah
http://www.wikidata.org/entity/Q4703819	Al Fawwarah
http://www.wikidata.org/entity/Q4703821	Al Faydah
http://www.wikidata.org/entity/Q4703822	Al Fazz
http://www.wikidata.org/entity/Q4703843	Al Furaysh
http://www.wikidata.org/entity/Q31872595	Al Fuwayliq
http://www.wikidata.org/entity/Q4703868	Al Gharith
http://www.wikidata.org/entity/Q4703874	Al Ghulah
http://www.wikidata.org/entity/Q4703935	Al Hada
http://www.wikidata.org/entity/Q4703936	Al Hadrur
http://www.wikidata.org/entity/Q16887856	Al Hafayer
http://www.wikidata.org/entity/Q4703943	Al Hafirah, Al Madinah
http://www.wikidata.org/entity/Q4703944	Al Hafirah, Ha'il
http://www.wikidata.org/entity/Q4703945	Al Hafr
http://www.wikidata.org/entity/Q23048600	Al Hair
http://www.wikidata.org/entity/Q4703953	Al Halaqah
http://www.wikidata.org/entity/Q4703969	Al Hamimah
http://www.wikidata.org/entity/Q4703972	Al Hamra', Al Madinah
http://www.wikidata.org/entity/Q4703979	Al Hanashah
http://www.wikidata.org/entity/Q4703982	Al Harani
http://www.wikidata.org/entity/Q4703987	Al Harra', Makkah
http://www.wikidata.org/entity/Q4703995	Al Hasamah
http://www.wikidata.org/entity/Q4704003	Al Hawiyah
http://www.wikidata.org/entity/Q4120519	Al Hawiyah
http://www.wikidata.org/entity/Q12185893	Al Hayit
http://www.wikidata.org/entity/Q4704013	Al Hazm, Makkah
http://www.wikidata.org/entity/Q4704031	Al Hijfar
http://www.wikidata.org/entity/Q97291790	Al Hinakiyah
http://www.wikidata.org/entity/Q22685294	Al Huwayyit
http://www.wikidata.org/entity/Q12190610	Al Isawiyah
http://www.wikidata.org/entity/Q4704094	Al Jabriyah
http://www.wikidata.org/entity/Q4704098	Al Jadi
http://www.wikidata.org/entity/Q4704099	Al Jadidah
http://www.wikidata.org/entity/Q31873138	Al Jafr
http://www.wikidata.org/entity/Q4704116	Al Jami`ah
http://www.wikidata.org/entity/Q4704123	Al Jaradiyah
http://www.wikidata.org/entity/Q4704124	Al Jawah
http://www.wikidata.org/entity/Q4704147	Al Jid`
http://www.wikidata.org/entity/Q4704149	Al Jirbah
http://www.wikidata.org/entity/Q4704151	Al Jissah
http://www.wikidata.org/entity/Q4704166	Al Ju`ranah
http://www.wikidata.org/entity/Q31873397	Al Jubayl
http://www.wikidata.org/entity/Q12185431	Al Juhfah
http://www.wikidata.org/entity/Q97291599	Al Jumum
http://www.wikidata.org/entity/Q6722656	Al Jurayfah
http://www.wikidata.org/entity/Q4704179	Al Karbus
http://www.wikidata.org/entity/Q4704184	Al Kawahilah
http://www.wikidata.org/entity/Q4704199	Al Khadra', Jizan
http://www.wikidata.org/entity/Q4704201	Al Khadra', Makkah
http://www.wikidata.org/entity/Q31873774	Al Khafjī
http://www.wikidata.org/entity/Q4704205	Al Khalas
http://www.wikidata.org/entity/Q4704211	Al Khamrah
http://www.wikidata.org/entity/Q4704215	Al Kharabah, Jizan
http://www.wikidata.org/entity/Q4704218	Al Kharadilah
http://www.wikidata.org/entity/Q4704219	Al Kharma'
http://www.wikidata.org/entity/Q4704221	Al Khashabiyah
http://www.wikidata.org/entity/Q4704228	Al Khaydar
http://www.wikidata.org/entity/Q4704230	Al Khayf
http://www.wikidata.org/entity/Q4704234	Al Khubah
http://www.wikidata.org/entity/Q4704235	Al Khulasah
http://www.wikidata.org/entity/Q97291287	Al Khurmah, Makkah
http://www.wikidata.org/entity/Q4704242	Al Kidwah
http://www.wikidata.org/entity/Q4704248	Al Kirs
http://www.wikidata.org/entity/Q4704265	Al Kura`
http://www.wikidata.org/entity/Q97291701	Al Lith
http://www.wikidata.org/entity/Q4704316	Al Luqiyah
http://www.wikidata.org/entity/Q4704321	Al Ma`arif
http://www.wikidata.org/entity/Q4704322	Al Ma`ayin
http://www.wikidata.org/entity/Q4704324	Al Ma`rash
http://www.wikidata.org/entity/Q4704336	Al Madaya
http://www.wikidata.org/entity/Q4704335	Al Madiq, Al Madinah
http://www.wikidata.org/entity/Q4704334	Al Madiq, Makkah
http://www.wikidata.org/entity/Q4704340	Al Maghal
http://www.wikidata.org/entity/Q4704350	Al Mahattah, Saudi Arabia
http://www.wikidata.org/entity/Q4704353	Al Mahjar
http://www.wikidata.org/entity/Q97291737	Al Majaridah
http://www.wikidata.org/entity/Q27359	Al Majma'ah
http://www.wikidata.org/entity/Q31874518	Al Majāridah
http://www.wikidata.org/entity/Q97291680	Al Makhwah
http://www.wikidata.org/entity/Q4704363	Al Malbanah
http://www.wikidata.org/entity/Q4704365	Al Mali
http://www.wikidata.org/entity/Q97292819	Al Mandaq
http://www.wikidata.org/entity/Q4704381	Al Maqrah
http://www.wikidata.org/entity/Q4704384	Al Marabi
http://www.wikidata.org/entity/Q31874729	Al Markaz
http://www.wikidata.org/entity/Q4704398	Al Masarrah
http://www.wikidata.org/entity/Q4704396	Al Masfalah
http://www.wikidata.org/entity/Q4704400	Al Mashayikh
http://www.wikidata.org/entity/Q15178969	Al Mathnah
http://www.wikidata.org/entity/Q4704411	Al Mayasam
http://www.wikidata.org/entity/Q31875144	Al Mindak
http://www.wikidata.org/entity/Q97291227	Al Mithnab
http://www.wikidata.org/entity/Q4704478	Al Mubarak
http://www.wikidata.org/entity/Q4704479	Al Mudawwarah
http://www.wikidata.org/entity/Q4704482	Al Mufrihat
http://www.wikidata.org/entity/Q83252802	Al Mulayda
http://www.wikidata.org/entity/Q4704486	Al Mulayha'
http://www.wikidata.org/entity/Q4704487	Al Multasa
http://www.wikidata.org/entity/Q31875344	Al Munayzilah
http://www.wikidata.org/entity/Q4704488	Al Mundassah
http://www.wikidata.org/entity/Q4704493	Al Muqayti`
http://www.wikidata.org/entity/Q4704494	Al Muqr
http://www.wikidata.org/entity/Q4704497	Al Muraysiyah
http://www.wikidata.org/entity/Q4704512	Al Musayjid
http://www.wikidata.org/entity/Q12194145	Al Muwayh
http://www.wikidata.org/entity/Q31875487	Al Muwayh
http://www.wikidata.org/entity/Q12193329	Al Muţayrifī
http://www.wikidata.org/entity/Q4704618	Al Qa'im
http://www.wikidata.org/entity/Q4704627	Al Qadimah
http://www.wikidata.org/entity/Q15178975	Al Qahab
http://www.wikidata.org/entity/Q28716725	Al Qahtan
http://www.wikidata.org/entity/Q4704637	Al Qararah
http://www.wikidata.org/entity/Q4704639	Al Qaryat
http://www.wikidata.org/entity/Q4704642	Al Qawba`iyah
http://www.wikidata.org/entity/Q31875721	Al Qaţīf
http://www.wikidata.org/entity/Q4704644	Al Qirshan
http://www.wikidata.org/entity/Q4704643	Al Qirw
http://www.wikidata.org/entity/Q4704647	Al Qu`tubah
http://www.wikidata.org/entity/Q4704653	Al Qufayf
http://www.wikidata.org/entity/Q4704656	Al Quful
http://www.wikidata.org/entity/Q97291604	Al Qunfudhah
http://www.wikidata.org/entity/Q4704659	Al Qurayb
http://www.wikidata.org/entity/Q31875811	Al Qurayn
http://www.wikidata.org/entity/Q4704664	Al Qushashiyah
http://www.wikidata.org/entity/Q4704665	Al Quwah
http://www.wikidata.org/entity/Q31875851	Al Qārah
http://www.wikidata.org/entity/Q20404143	Al Raboah
http://www.wikidata.org/entity/Q65040814	Al Reeth
http://www.wikidata.org/entity/Q97300483	Al Shimasiyah
http://www.wikidata.org/entity/Q28747888	Al Shinan
http://www.wikidata.org/entity/Q38251063	Al Souda
http://www.wikidata.org/entity/Q20400963	Al Thybiyah
http://www.wikidata.org/entity/Q16909166	Al Ubaylah
http://www.wikidata.org/entity/Q4704903	Al Ukhaydir
http://www.wikidata.org/entity/Q4704937	Al Waht
http://www.wikidata.org/entity/Q97291213	Al Wajh
http://www.wikidata.org/entity/Q4704944	Al Wasili
http://www.wikidata.org/entity/Q4704992	Al Wuday
http://www.wikidata.org/entity/Q4704997	Al Yamaniyah
http://www.wikidata.org/entity/Q4705033	Al `Awali
http://www.wikidata.org/entity/Q4705036	Al `Ulayin
http://www.wikidata.org/entity/Q4705038	Al `Uqul
http://www.wikidata.org/entity/Q4705042	Al `Usaylah
http://www.wikidata.org/entity/Q4705043	Al `Uyun
http://www.wikidata.org/entity/Q97291914	Al ddayer
http://www.wikidata.org/entity/Q6831255	Al jafr
http://www.wikidata.org/entity/Q4705077	Al Ābār
http://www.wikidata.org/entity/Q1051781	Al-Abwa
http://www.wikidata.org/entity/Q98972377	Al-Ahsa City
http://www.wikidata.org/entity/Q288287	Al-Awamiyah
http://www.wikidata.org/entity/Q4164621	Al-Awjam
http://www.wikidata.org/entity/Q4702280	Al-Bathaa
http://www.wikidata.org/entity/Q97293341	Al-Ghat
http://www.wikidata.org/entity/Q4702445	Al-Haditha, Saudi Arabia
http://www.wikidata.org/entity/Q311341	Al-Hasa
http://www.wikidata.org/entity/Q97294052	Al-H̨arīq
http://www.wikidata.org/entity/Q4702543	Al-H̨āyir
http://www.wikidata.org/entity/Q16826687	Al-Ishy
http://www.wikidata.org/entity/Q4702579	Al-Jafr
http://www.wikidata.org/entity/Q2880505	Al-Jaroudiya
http://www.wikidata.org/entity/Q22690165	Al-Kheraiq
http://www.wikidata.org/entity/Q4702718	Al-Kilabiyah
http://www.wikidata.org/entity/Q4702805	Al-Mansorah
http://www.wikidata.org/entity/Q4702924	Al-Mubarakah
http://www.wikidata.org/entity/Q794958	Al-Mubarraz
http://www.wikidata.org/entity/Q97291219	Al-Muzahmiya
http://www.wikidata.org/entity/Q31174696	Al-Nafil
http://www.wikidata.org/entity/Q97291289	Al-Namas
http://www.wikidata.org/entity/Q6730246	Al-Omran
http://www.wikidata.org/entity/Q6731202	Al-Qaeid
http://www.wikidata.org/entity/Q4702412	Al-Qarah
http://www.wikidata.org/entity/Q601130	Al-Thuqbah
http://www.wikidata.org/entity/Q27242	AlUla
http://www.wikidata.org/entity/Q4727597	Aljish
http://www.wikidata.org/entity/Q4733694	Almardamah
http://www.wikidata.org/entity/Q22690193	Alqurabha
http://www.wikidata.org/entity/Q65042408	Amaala
http://www.wikidata.org/entity/Q4750152	An Najamiyah
http://www.wikidata.org/entity/Q4783041	Ar Rabwah al `Ulya
http://www.wikidata.org/entity/Q4783044	Ar Rabwah as Sufla
http://www.wikidata.org/entity/Q4783045	Ar Rafah
http://www.wikidata.org/entity/Q1878991	Ar Rass
http://www.wikidata.org/entity/Q4783057	Ar Rawdah ash Shamaliyah
http://www.wikidata.org/entity/Q12241891	Ar Rayn
http://www.wikidata.org/entity/Q4783063	Ar Rayyan, Saudi Arabia
http://www.wikidata.org/entity/Q4783070	Ar Rudaymah
http://www.wikidata.org/entity/Q4783078	Ar Rukubah
http://www.wikidata.org/entity/Q626199	Arar
http://www.wikidata.org/entity/Q4802960	As Sadayir
http://www.wikidata.org/entity/Q4802961	As Sadr
http://www.wikidata.org/entity/Q31890141	As Saffānīyah
http://www.wikidata.org/entity/Q12250506	As Safra'
http://www.wikidata.org/entity/Q12192365	As Salamiyah
http://www.wikidata.org/entity/Q4802968	As Samd ash Shamali
http://www.wikidata.org/entity/Q4802980	As Sayl al Kabir
http://www.wikidata.org/entity/Q4802979	As Sayl as Saghir
http://www.wikidata.org/entity/Q4802991	As Sidr
http://www.wikidata.org/entity/Q4802992	As Sifyani
http://www.wikidata.org/entity/Q4802998	As Sirr, Saudi Arabia
http://www.wikidata.org/entity/Q4803007	As Sudayrah, Al Madinah
http://www.wikidata.org/entity/Q4803006	As Sudayrah, Makkah
http://www.wikidata.org/entity/Q97291345	As Sulayyil
http://www.wikidata.org/entity/Q4803011	As Sumariyah
http://www.wikidata.org/entity/Q4803014	As Sur, Saudi Arabia
http://www.wikidata.org/entity/Q4803017	As Suwadah
http://www.wikidata.org/entity/Q4803020	As Suwayriqiyah
http://www.wikidata.org/entity/Q4804436	Ash Shafa
http://www.wikidata.org/entity/Q4804441	Ash Shajwah
http://www.wikidata.org/entity/Q4804445	Ash Shamiyah
http://www.wikidata.org/entity/Q4804446	Ash Shara'i`
http://www.wikidata.org/entity/Q4804447	Ash Shara'i` al `Ulya
http://www.wikidata.org/entity/Q4804456	Ash Shaybi
http://www.wikidata.org/entity/Q4804455	Ash Shi`b
http://www.wikidata.org/entity/Q4804457	Ash Shishah
http://www.wikidata.org/entity/Q4804459	Ash Shufayyah
http://www.wikidata.org/entity/Q4804460	Ash Shumaysi
http://www.wikidata.org/entity/Q6728515	Ash Shuqayq
http://www.wikidata.org/entity/Q4804464	Ash Shuwaybit
http://www.wikidata.org/entity/Q4807024	Asira
http://www.wikidata.org/entity/Q4812408	At Tan`im
http://www.wikidata.org/entity/Q20381582	At Taraf
http://www.wikidata.org/entity/Q4812410	At Tarfa'
http://www.wikidata.org/entity/Q4812427	At Turqi
http://www.wikidata.org/entity/Q4812432	At Tuwal
http://www.wikidata.org/entity/Q31892461	At Tūbī
http://www.wikidata.org/entity/Q12182511	Az Zafir
http://www.wikidata.org/entity/Q3551050	Az Zaimah
http://www.wikidata.org/entity/Q4831983	Az Zaymah
http://www.wikidata.org/entity/Q4831984	Az Zilal
http://www.wikidata.org/entity/Q31894563	Az Zulfi
http://www.wikidata.org/entity/Q4831989	Az Zurra`
http://www.wikidata.org/entity/Q4831988	Az Zuwayb
http://www.wikidata.org/entity/Q97291232	Badr
http://www.wikidata.org/entity/Q6741785	Bahrah
http://www.wikidata.org/entity/Q4842875	Bahrat al Qadimah
http://www.wikidata.org/entity/Q4842941	Bahwil
http://www.wikidata.org/entity/Q97291210	Baish
http://www.wikidata.org/entity/Q4849388	Bakhshat Yamani
http://www.wikidata.org/entity/Q97291158	Baljurashi
http://www.wikidata.org/entity/Q4857758	Baq`a'
http://www.wikidata.org/entity/Q22097507	Baq`a'
http://www.wikidata.org/entity/Q4858330	Baranah
http://www.wikidata.org/entity/Q2884439	Bareq
http://www.wikidata.org/entity/Q4860879	Barka
http://www.wikidata.org/entity/Q4865330	Bartiyah
http://www.wikidata.org/entity/Q4866071	Barzah
http://www.wikidata.org/entity/Q4866889	Bashm
http://www.wikidata.org/entity/Q25352067	Batha
http://www.wikidata.org/entity/Q4902324	Bi'r al Mashi
http://www.wikidata.org/entity/Q16841912	Bilad al-Musa
http://www.wikidata.org/entity/Q4916378	Birkah
http://www.wikidata.org/entity/Q97290752	Bisha
http://www.wikidata.org/entity/Q259253	Buraidah
http://www.wikidata.org/entity/Q4998135	Buraykah
http://www.wikidata.org/entity/Q4998136	Burayman
http://www.wikidata.org/entity/Q12241575	Caves of Jethro
http://www.wikidata.org/entity/Q5207569	Dabyah
http://www.wikidata.org/entity/Q5208711	Dahaban
http://www.wikidata.org/entity/Q97291606	Damad, Jizan
http://www.wikidata.org/entity/Q160320	Dammam
http://www.wikidata.org/entity/Q5212670	Dammam Metropolitan Area
http://www.wikidata.org/entity/Q97290974	Dawadmi
http://www.wikidata.org/entity/Q268915	Dhahran
http://www.wikidata.org/entity/Q97291607	Dhahran Al Janub
http://www.wikidata.org/entity/Q27223	Dhurma
http://www.wikidata.org/entity/Q277505	Diriyah
http://www.wikidata.org/entity/Q97291602	Duba
http://www.wikidata.org/entity/Q5312551	Dughaybjah
http://www.wikidata.org/entity/Q6768386	Dukhnah
http://www.wikidata.org/entity/Q97291192	Dumat Al-Jandal
http://www.wikidata.org/entity/Q12204895	Faqah
http://www.wikidata.org/entity/Q5434665	Far`
http://www.wikidata.org/entity/Q5245795	Farasan
http://www.wikidata.org/entity/Q5438958	Fayd
http://www.wikidata.org/entity/Q3809954	Fiji
http://www.wikidata.org/entity/Q16891483	Fuhah
http://www.wikidata.org/entity/Q13359861	Gdraymah
http://www.wikidata.org/entity/Q15221601	Ghamrah, Saudi Arabia
http://www.wikidata.org/entity/Q5555962	Ghawiyah
http://www.wikidata.org/entity/Q65065367	Ghran
http://www.wikidata.org/entity/Q675568	Ha'il, Saudi Arabia
http://www.wikidata.org/entity/Q2717521	Habala
http://www.wikidata.org/entity/Q5637618	Hadda'
http://www.wikidata.org/entity/Q5637639	Haddat ash Sham
http://www.wikidata.org/entity/Q5637800	Hadhah
http://www.wikidata.org/entity/Q102267671	Hadiyah
http://www.wikidata.org/entity/Q97290550	Hafar Al-Batin
http://www.wikidata.org/entity/Q3545550	Hajrah
http://www.wikidata.org/entity/Q5640273	Hajur
http://www.wikidata.org/entity/Q5641075	Halamah
http://www.wikidata.org/entity/Q1570226	Halat Ammar
http://www.wikidata.org/entity/Q5644176	Hamayyah
http://www.wikidata.org/entity/Q5644364	Hamdah
http://www.wikidata.org/entity/Q18348179	Hamra al-Asad
http://www.wikidata.org/entity/Q97291597	Haql
http://www.wikidata.org/entity/Q3127238	Haradh
http://www.wikidata.org/entity/Q3543429	Harmah
http://www.wikidata.org/entity/Q15223121	Harthiyah
http://www.wikidata.org/entity/Q15223175	Hasa, Al Madinah
http://www.wikidata.org/entity/Q5679139	Hasim, Saudi Arabia
http://www.wikidata.org/entity/Q5686781	Haylat Radi al Baham
http://www.wikidata.org/entity/Q97291454	Hotat Bani Tamim
http://www.wikidata.org/entity/Q15615624	Hubayah
http://www.wikidata.org/entity/Q97294649	Hubuna
http://www.wikidata.org/entity/Q97293021	Huraymila
http://www.wikidata.org/entity/Q15227083	Husayniyah
http://www.wikidata.org/entity/Q15227105	Husnah
http://www.wikidata.org/entity/Q17062997	Husnayn
http://www.wikidata.org/entity/Q2829341	H̨awţah Sudayr
http://www.wikidata.org/entity/Q6109905	Jabal Umm al Ru'us
http://www.wikidata.org/entity/Q6121469	Jadidah
http://www.wikidata.org/entity/Q3543658	Jalajil
http://www.wikidata.org/entity/Q6126031	Jalamid
http://www.wikidata.org/entity/Q84360530	Jaww
http://www.wikidata.org/entity/Q6168050	Jazan Economic City
http://www.wikidata.org/entity/Q374365	Jeddah
http://www.wikidata.org/entity/Q27660	Jizan
http://www.wikidata.org/entity/Q12185424	Jubail
http://www.wikidata.org/entity/Q97290488	Jubail
http://www.wikidata.org/entity/Q6855231	Jubail Industrial City
http://www.wikidata.org/entity/Q3187889	Jubbah
http://www.wikidata.org/entity/Q6304998	Juha, Saudi Arabia
http://www.wikidata.org/entity/Q32130900	Julayjilah
http://www.wikidata.org/entity/Q6305617	Julayyil
http://www.wikidata.org/entity/Q6343192	Ka`lul
http://www.wikidata.org/entity/Q6347005	Kahla Village
http://www.wikidata.org/entity/Q6398784	Khabath Sa`id
http://www.wikidata.org/entity/Q6399426	Khalfah
http://www.wikidata.org/entity/Q759381	Khamis Mushait
http://www.wikidata.org/entity/Q6400912	Khatib, Saudi Arabia
http://www.wikidata.org/entity/Q15236772	Khawsh
http://www.wikidata.org/entity/Q27125	Khaybar
http://www.wikidata.org/entity/Q6401091	Khayf Fadil
http://www.wikidata.org/entity/Q311266	Khobar
http://www.wikidata.org/entity/Q97291691	Khulays
http://www.wikidata.org/entity/Q6402964	Khumrah
http://www.wikidata.org/entity/Q6402967	Khumsiyah
http://www.wikidata.org/entity/Q6403178	Khushaym
http://www.wikidata.org/entity/Q1285450	King Abdullah Economic City
http://www.wikidata.org/entity/Q6423290	Knowledge Economic City, Medina
http://www.wikidata.org/entity/Q6442758	Kulakh
http://www.wikidata.org/entity/Q26958	Layla
http://www.wikidata.org/entity/Q15243285	Ma`riyah
http://www.wikidata.org/entity/Q6728463	Madrakah
http://www.wikidata.org/entity/Q6728746	Madsus
http://www.wikidata.org/entity/Q6728894	Madīnat Yanbu‘ aş Şinā‘īyah
http://www.wikidata.org/entity/Q15243582	Mafraq
http://www.wikidata.org/entity/Q6729524	Mafruq
http://www.wikidata.org/entity/Q6733466	Mahatah
http://www.wikidata.org/entity/Q6733548	Mahattat al Hafah
http://www.wikidata.org/entity/Q970317	Makna, Saudi Arabia
http://www.wikidata.org/entity/Q6741148	Malakan
http://www.wikidata.org/entity/Q15244192	Malgocta
http://www.wikidata.org/entity/Q2051873	Manfuha
http://www.wikidata.org/entity/Q6754281	Maqrah
http://www.wikidata.org/entity/Q6754284	Maqshush
http://www.wikidata.org/entity/Q32139417	Marāt
http://www.wikidata.org/entity/Q6782355	Masahili
http://www.wikidata.org/entity/Q6783061	Mashajji
http://www.wikidata.org/entity/Q6783262	Masihat Mahd al Hayl
http://www.wikidata.org/entity/Q2737548	Maskar
http://www.wikidata.org/entity/Q3543656	Mastoorah
http://www.wikidata.org/entity/Q6785621	Masturah
http://www.wikidata.org/entity/Q6787621	Matiyah
http://www.wikidata.org/entity/Q6794357	Mawarah
http://www.wikidata.org/entity/Q6874886	Mawqaq
http://www.wikidata.org/entity/Q12245707	Maysan
http://www.wikidata.org/entity/Q35484	Medina
http://www.wikidata.org/entity/Q6843982	Mifa
http://www.wikidata.org/entity/Q6845452	Mijannah
http://www.wikidata.org/entity/Q6851804	Milhah
http://www.wikidata.org/entity/Q12243005	Mislīyah
http://www.wikidata.org/entity/Q32141037	Mizhirah
http://www.wikidata.org/entity/Q12239284	Muhayil Asir governorate
http://www.wikidata.org/entity/Q6933393	Mukambal
http://www.wikidata.org/entity/Q32141302	Mulayjah
http://www.wikidata.org/entity/Q6935631	Munayzir
http://www.wikidata.org/entity/Q6935735	Mundaraq
http://www.wikidata.org/entity/Q15260287	Murayba
http://www.wikidata.org/entity/Q6939687	Murshidiyah
http://www.wikidata.org/entity/Q6941288	Mushrif
http://www.wikidata.org/entity/Q6944289	Muwassam
http://www.wikidata.org/entity/Q6093787	Nabk
http://www.wikidata.org/entity/Q12248676	Najan
http://www.wikidata.org/entity/Q27174	Najran
http://www.wikidata.org/entity/Q6965995	Nariyah
http://www.wikidata.org/entity/Q12218844	Nisab
http://www.wikidata.org/entity/Q7068770	Nughayshiyah
http://www.wikidata.org/entity/Q7068824	Nujayl
http://www.wikidata.org/entity/Q7070701	Nuzlat al Faqin
http://www.wikidata.org/entity/Q7243757	Prince Abdulaziz Bin Mousaed Economic City
http://www.wikidata.org/entity/Q7265682	Qaba'
http://www.wikidata.org/entity/Q7265741	Qadeimah
http://www.wikidata.org/entity/Q7265810	Qafeel
http://www.wikidata.org/entity/Q3543647	Qaisumah
http://www.wikidata.org/entity/Q16898967	Qarn
http://www.wikidata.org/entity/Q97293119	Qaryat al-Ulya
http://www.wikidata.org/entity/Q12191403	Qatif
http://www.wikidata.org/entity/Q12241875	Qiba
http://www.wikidata.org/entity/Q97292166	Qilwah
http://www.wikidata.org/entity/Q7267913	Qiran
http://www.wikidata.org/entity/Q7267934	Qitabir
http://www.wikidata.org/entity/Q7267978	Qiya
http://www.wikidata.org/entity/Q25449809	Qufar
http://www.wikidata.org/entity/Q7272928	Qurayha
http://www.wikidata.org/entity/Q97290671	Qurayyat
http://www.wikidata.org/entity/Q7273029	Quwayda'
http://www.wikidata.org/entity/Q7273030	Quwayzah
http://www.wikidata.org/entity/Q97291030	Rabigh
http://www.wikidata.org/entity/Q97291034	Rafha
http://www.wikidata.org/entity/Q20396099	Raghadan Forest
http://www.wikidata.org/entity/Q7283635	Rahwan
http://www.wikidata.org/entity/Q97291683	Ranyah
http://www.wikidata.org/entity/Q7294413	Raqiyah
http://www.wikidata.org/entity/Q7294632	Ras Al-Khair
http://www.wikidata.org/entity/Q16899144	Rass
http://www.wikidata.org/entity/Q7297005	Rawkhah
http://www.wikidata.org/entity/Q7299423	Rayyis
http://www.wikidata.org/entity/Q35587106	Red Sea Project
http://www.wikidata.org/entity/Q97290969	Reyadh
http://www.wikidata.org/entity/Q97291686	Rimah
http://www.wikidata.org/entity/Q97291738	Riyadh Al Khabra
http://www.wikidata.org/entity/Q18810476	Rownah
http://www.wikidata.org/entity/Q7379131	Rumailah
http://www.wikidata.org/entity/Q7396092	Sabil
http://www.wikidata.org/entity/Q12215319	Sabt Al Alaya
http://www.wikidata.org/entity/Q7396475	Sabuhah
http://www.wikidata.org/entity/Q97290972	Sabya
http://www.wikidata.org/entity/Q7397951	Sadiliyah
http://www.wikidata.org/entity/Q27234	Safwa City
http://www.wikidata.org/entity/Q5357924	Sahil
http://www.wikidata.org/entity/Q2744182	Saihat
http://www.wikidata.org/entity/Q7402637	Sajid, Saudi Arabia
http://www.wikidata.org/entity/Q97290622	Sakakah
http://www.wikidata.org/entity/Q7403534	Salamah
http://www.wikidata.org/entity/Q97291193	Samtah
http://www.wikidata.org/entity/Q7415448	Sanabes
http://www.wikidata.org/entity/Q604509	Saudi Aramco Beach
http://www.wikidata.org/entity/Q7427120	Saudi Aramco Residential Camp in Dhahran
http://www.wikidata.org/entity/Q15276595	Sha`tha'
http://www.wikidata.org/entity/Q7461452	Shahar
http://www.wikidata.org/entity/Q97291341	Shaqraa
http://www.wikidata.org/entity/Q7489344	Shara'i` al Mujahidin
http://www.wikidata.org/entity/Q97290928	Sharurah
http://www.wikidata.org/entity/Q7495948	Shi`b `amir
http://www.wikidata.org/entity/Q7498213	Shira`ayn
http://www.wikidata.org/entity/Q7499515	Shi‘b adh Dhi’b
http://www.wikidata.org/entity/Q7508734	Sidi Hamzah
http://www.wikidata.org/entity/Q12216905	Simira
http://www.wikidata.org/entity/Q7636043	Sulaym
http://www.wikidata.org/entity/Q7636782	Sultanah
http://www.wikidata.org/entity/Q7637030	Sumaymah
http://www.wikidata.org/entity/Q7645175	Suq Suwayq
http://www.wikidata.org/entity/Q7645179	Suq al layl, Jizan
http://www.wikidata.org/entity/Q7645190	Suqubiya
http://www.wikidata.org/entity/Q7650593	Suways
http://www.wikidata.org/entity/Q7666792	Sāban
http://www.wikidata.org/entity/Q32188864	Sājir
http://www.wikidata.org/entity/Q182640	Ta'if
http://www.wikidata.org/entity/Q12202068	Tabalah
http://www.wikidata.org/entity/Q7672929	Tabarjal
http://www.wikidata.org/entity/Q244232	Tabuk, Saudi Arabia
http://www.wikidata.org/entity/Q32189185	Tabālah
http://www.wikidata.org/entity/Q3551030	Tanomah
http://www.wikidata.org/entity/Q32189686	Tanūmah
http://www.wikidata.org/entity/Q97294638	Tathlith
http://www.wikidata.org/entity/Q97295632	Thadig
http://www.wikidata.org/entity/Q7710794	Tharmada'a
http://www.wikidata.org/entity/Q7710846	Tharwah
http://www.wikidata.org/entity/Q104772074	The Line
http://www.wikidata.org/entity/Q7777697	Thee Ain
http://www.wikidata.org/entity/Q4120103	Thuwal
http://www.wikidata.org/entity/Q32190410	Tumayr
http://www.wikidata.org/entity/Q97291121	Turaif
http://www.wikidata.org/entity/Q7856500	Turubah
http://www.wikidata.org/entity/Q3071063	Tuwaiq
http://www.wikidata.org/entity/Q32190514	Tārūt
http://www.wikidata.org/entity/Q3072061	Udhailiyah
http://www.wikidata.org/entity/Q12227470	Uglat Asugour
http://www.wikidata.org/entity/Q3551040	Um Al-Sahek
http://www.wikidata.org/entity/Q97291177	Umluj
http://www.wikidata.org/entity/Q12180371	Umm Al-Hamam
http://www.wikidata.org/entity/Q32190969	Umm Lajj
http://www.wikidata.org/entity/Q16117430	Umm Radamah
http://www.wikidata.org/entity/Q32190880	Umm as Sāhik
http://www.wikidata.org/entity/Q27138	Unaizah
http://www.wikidata.org/entity/Q3546517	Uqair
http://www.wikidata.org/entity/Q16121224	Usfan
http://www.wikidata.org/entity/Q6824616	Ushaiger
http://www.wikidata.org/entity/Q97294625	Uyun AlJiwa
http://www.wikidata.org/entity/Q7959219	Wadi Faran
http://www.wikidata.org/entity/Q97290701	Wadi ad-Dawasir
http://www.wikidata.org/entity/Q7959262	Wadi al Jalil
http://www.wikidata.org/entity/Q7972673	Wasitah
http://www.wikidata.org/entity/Q16903906	Yabrin
http://www.wikidata.org/entity/Q3595659	Yalamlam
http://www.wikidata.org/entity/Q97290593	Yanbu
http://www.wikidata.org/entity/Q8063513	Zabirah
http://www.wikidata.org/entity/Q12241871	Zalim
http://www.wikidata.org/entity/Q8076276	`Ajmiyah
http://www.wikidata.org/entity/Q8076282	`Alya'
http://www.wikidata.org/entity/Q8076331	`Urwah
http://www.wikidata.org/entity/Q8076332	`Ushash
http://www.wikidata.org/entity/Q8076333	`Ushayrah
http://www.wikidata.org/entity/Q22935639	al-Bad'
http://www.wikidata.org/entity/Q32219471	Şuwayr
http://www.wikidata.org/entity/Q12184496	ِAlbosor
